team,avg_goals_for,avg_goals_against,avg_xg_for,avg_xg_against,win_rate,draw_rate,loss_rate,matches_played,goal_difference_per_match,xg_difference_per_match
AC Milan,2.1818181818181817,2.0,1.5727272727272728,1.4090909090909092,0.45454545454545453,0.09090909090909091,0.45454545454545453,11,0.18181818181818166,0.16363636363636358
AS Roma,1.9090909090909092,0.2727272727272727,1.9454545454545453,0.43636363636363634,0.9090909090909091,0.0,0.09090909090909091,11,1.6363636363636365,1.509090909090909
ASD Calcio Pomigliano,1.0,2.0,0.9727272727272727,1.7545454545454546,0.2727272727272727,0.09090909090909091,0.6363636363636364,11,-1.0,-0.781818181818182
Alavés,1.0,3.090909090909091,0.7818181818181817,2.109090909090909,0.09090909090909091,0.2727272727272727,0.6363636363636364,11,-2.090909090909091,-1.3272727272727272
Alhama,0.45454545454545453,2.0,0.7000000000000001,1.4909090909090912,0.09090909090909091,0.0,0.9090909090909091,11,-1.5454545454545454,-0.7909090909090911
Angel City,1.2580645161290323,1.5161290322580645,1.2645161290322582,1.4580645161290324,0.3225806451612903,0.2903225806451613,0.3870967741935484,31,-0.25806451612903225,-0.19354838709677424
Angel City FC,1.3225806451612903,1.6129032258064515,1.3516129032258064,1.5193548387096774,0.2903225806451613,0.22580645161290322,0.4838709677419355,31,-0.29032258064516125,-0.16774193548387095
Arsenal,2.625,0.5,2.0,0.7,0.875,0.0,0.125,8,2.125,1.3
Aston Villa,1.5,1.875,1.3375,1.1,0.5,0.0,0.5,8,-0.375,0.23749999999999982
Athletic Club,1.4545454545454546,1.8181818181818181,1.009090909090909,1.3272727272727272,0.36363636363636365,0.09090909090909091,0.5454545454545454,11,-0.36363636363636354,-0.3181818181818181
Atlético Madrid,1.9090909090909092,1.1818181818181819,1.8454545454545455,0.9,0.6363636363636364,0.18181818181818182,0.18181818181818182,11,0.7272727272727273,0.9454545454545454
Barcelona,4.090909090909091,0.36363636363636365,2.9545454545454546,0.5636363636363636,1.0,0.0,0.0,11,3.727272727272727,2.390909090909091
Bay FC,1.15,1.5,1.365,1.3725,0.375,0.1,0.525,40,-0.3500000000000001,-0.007500000000000062
Bayern Munich,2.6666666666666665,0.3333333333333333,2.0444444444444443,0.5555555555555556,0.7777777777777778,0.1111111111111111,0.1111111111111111,9,2.333333333333333,1.4888888888888887
Bordeaux,1.4,1.3,1.2399999999999998,0.9199999999999999,0.4,0.3,0.3,10,0.09999999999999987,0.31999999999999984
Brighton,1.375,3.625,1.2875,2.0875,0.25,0.125,0.625,8,-2.25,-0.7999999999999998
Chelsea,3.111111111111111,0.6666666666666666,2.0,0.7555555555555555,0.8888888888888888,0.0,0.1111111111111111,9,2.4444444444444446,1.2444444444444445
Chicago Stars,1.2698412698412698,1.492063492063492,1.2841269841269842,1.4936507936507935,0.4126984126984127,0.12698412698412698,0.4603174603174603,63,-0.22222222222222232,-0.20952380952380922
Courage,1.2105263157894737,1.280701754385965,1.5385964912280703,1.4421052631578948,0.3333333333333333,0.14035087719298245,0.5263157894736842,57,-0.07017543859649122,0.09649122807017552
Current,1.53125,1.25,1.559375,1.09375,0.46875,0.1875,0.34375,32,0.28125,0.46562499999999996
Dash,0.8867924528301887,1.471698113207547,1.0830188679245283,1.679245283018868,0.32075471698113206,0.1320754716981132,0.5471698113207547,53,-0.5849056603773584,-0.5962264150943397
Dijon,0.6,2.8,0.78,1.98,0.2,0.2,0.6,10,-2.1999999999999997,-1.2
E. Frankfurt,2.2222222222222223,1.4444444444444444,1.7000000000000002,0.7666666666666667,0.6666666666666666,0.2222222222222222,0.1111111111111111,9,0.7777777777777779,0.9333333333333335
Essen,0.7777777777777778,2.7777777777777777,1.1444444444444446,1.6444444444444446,0.2222222222222222,0.1111111111111111,0.6666666666666666,9,-2.0,-0.5
Everton,0.875,1.25,0.7125,1.5625,0.375,0.0,0.625,8,-0.375,-0.85
FC Como Women,1.4545454545454546,2.272727272727273,1.1818181818181819,1.7636363636363634,0.09090909090909091,0.36363636363636365,0.5454545454545454,11,-0.8181818181818183,-0.5818181818181816
Fiorentina,1.5454545454545454,1.4545454545454546,1.5363636363636366,1.3454545454545455,0.6363636363636364,0.09090909090909091,0.2727272727272727,11,0.09090909090909083,0.19090909090909114
Fleury,1.7,0.9,1.35,0.9199999999999999,0.4,0.3,0.3,10,0.7999999999999999,0.43000000000000016
Freiburg,2.7777777777777777,1.8888888888888888,1.8333333333333333,1.2777777777777777,0.6666666666666666,0.0,0.3333333333333333,9,0.8888888888888888,0.5555555555555556
Gotham FC,1.3333333333333333,0.9,1.3611111111111112,1.2633333333333334,0.4666666666666667,0.28888888888888886,0.24444444444444444,90,0.43333333333333324,0.09777777777777774
Guingamp,0.5,2.0,0.9899999999999999,1.67,0.1,0.1,0.8,10,-1.5,-0.68
Hoffenheim,2.111111111111111,2.0,1.5555555555555556,1.8444444444444446,0.5555555555555556,0.1111111111111111,0.3333333333333333,9,0.11111111111111116,-0.288888888888889
Houston Dash,0.9642857142857143,1.2678571428571428,1.2732142857142856,1.4857142857142858,0.23214285714285715,0.32142857142857145,0.44642857142857145,56,-0.3035714285714285,-0.21250000000000013
Internazionale,2.3636363636363638,1.1818181818181819,1.8,1.3363636363636362,0.45454545454545453,0.36363636363636365,0.18181818181818182,11,1.1818181818181819,0.46363636363636385
Juventus,2.5454545454545454,0.9090909090909091,2.0090909090909093,0.8363636363636363,0.6363636363636364,0.2727272727272727,0.09090909090909091,11,1.6363636363636362,1.1727272727272728
Kansas City,0.5,1.9166666666666667,0.975,1.9083333333333332,0.0,0.25,0.75,12,-1.4166666666666667,-0.9333333333333332
Kansas City Current,1.8372093023255813,1.2325581395348837,1.8162790697674418,1.1232558139534883,0.5581395348837209,0.16279069767441862,0.27906976744186046,43,0.6046511627906976,0.6930232558139535
Köln,1.1111111111111112,1.8888888888888888,1.2888888888888888,1.4666666666666666,0.3333333333333333,0.0,0.6666666666666666,9,-0.7777777777777777,-0.1777777777777778
Le Havre,1.7,1.6,1.17,1.64,0.4,0.1,0.5,10,0.09999999999999987,-0.47
Leicester City WFC,0.2222222222222222,2.7777777777777777,0.4222222222222223,1.4555555555555555,0.0,0.0,1.0,9,-2.5555555555555554,-1.0333333333333332
Levante,2.727272727272727,1.2727272727272727,2.1454545454545455,0.8272727272727273,0.6363636363636364,0.18181818181818182,0.18181818181818182,11,1.4545454545454544,1.3181818181818183
Levante Planas,1.0,2.4545454545454546,0.9181818181818181,1.9636363636363638,0.18181818181818182,0.18181818181818182,0.6363636363636364,11,-1.4545454545454546,-1.0454545454545459
Leverkusen,1.6666666666666667,1.5555555555555556,1.588888888888889,1.188888888888889,0.4444444444444444,0.0,0.5555555555555556,9,0.11111111111111116,0.3999999999999999
Liverpool,1.2222222222222223,1.7777777777777777,1.2555555555555555,1.3555555555555554,0.2222222222222222,0.2222222222222222,0.5555555555555556,9,-0.5555555555555554,-0.09999999999999987
Louisville,0.9523809523809523,1.7142857142857142,1.2214285714285713,1.7619047619047619,0.14285714285714285,0.3333333333333333,0.5238095238095238,42,-0.7619047619047619,-0.5404761904761906
Lyon,2.8,0.6,2.35,0.48,0.9,0.1,0.0,10,2.1999999999999997,1.87
MSV Duisburg,1.0,1.8888888888888888,0.5,2.011111111111111,0.3333333333333333,0.1111111111111111,0.5555555555555556,9,-0.8888888888888888,-1.511111111111111
Madrid CFF,2.0,1.3636363636363635,1.5454545454545454,0.990909090909091,0.6363636363636364,0.09090909090909091,0.2727272727272727,11,0.6363636363636365,0.5545454545454545
Manchester City,2.5,1.125,2.0,0.6875,0.75,0.0,0.25,8,1.375,1.3125
Manchester Utd,2.875,0.625,1.275,0.5,0.875,0.0,0.125,8,2.25,0.7749999999999999
Montpellier,1.9,1.4,1.61,1.26,0.4,0.4,0.2,10,0.5,0.3500000000000001
North Carolina Courage,1.7894736842105263,0.8421052631578947,1.7719298245614035,1.036842105263158,0.5789473684210527,0.24561403508771928,0.17543859649122806,57,0.9473684210526316,0.7350877192982455
Orlando Pride,1.5535714285714286,1.1607142857142858,1.7142857142857142,1.3303571428571428,0.5,0.16071428571428573,0.3392857142857143,56,0.3928571428571428,0.3839285714285714
Paris FC,1.7,0.9,1.48,0.89,0.5,0.3,0.2,10,0.7999999999999999,0.59
Paris S-G,2.2,0.6,1.8699999999999999,0.37,0.8,0.2,0.0,10,1.6,1.5
Parma Calcio 1913,1.0,2.6363636363636362,1.0636363636363635,1.8363636363636362,0.09090909090909091,0.2727272727272727,0.6363636363636364,11,-1.6363636363636362,-0.7727272727272727
Portland Thorns FC,1.75,0.9642857142857143,1.9107142857142858,1.075,0.5535714285714286,0.21428571428571427,0.23214285714285715,56,0.7857142857142857,0.8357142857142859
Pride,1.1636363636363636,1.4727272727272727,1.1709090909090911,1.6145454545454545,0.38181818181818183,0.18181818181818182,0.43636363636363634,55,-0.3090909090909091,-0.4436363636363634
Racing Louisville,1.3488372093023255,1.2325581395348837,1.3534883720930233,1.3372093023255813,0.4186046511627907,0.2558139534883721,0.32558139534883723,43,0.11627906976744184,0.016279069767441978
Reading,1.1111111111111112,2.2222222222222223,0.8222222222222222,1.5444444444444445,0.2222222222222222,0.1111111111111111,0.6666666666666666,9,-1.1111111111111112,-0.7222222222222223
Real Betis,1.1818181818181819,2.3636363636363638,0.6272727272727273,2.2636363636363637,0.2727272727272727,0.09090909090909091,0.6363636363636364,11,-1.1818181818181819,-1.6363636363636362
Real Madrid,3.0,0.9,1.6600000000000001,1.05,0.8,0.1,0.1,10,2.1,0.6100000000000001
Real Sociedad,2.0,1.0909090909090908,1.8272727272727274,1.1272727272727272,0.45454545454545453,0.36363636363636365,0.18181818181818182,11,0.9090909090909092,0.7000000000000002
Red Stars,1.2307692307692308,1.6730769230769231,1.294230769230769,1.7326923076923075,0.38461538461538464,0.1346153846153846,0.4807692307692308,52,-0.4423076923076923,-0.43846153846153846
Reign,1.1428571428571428,1.3928571428571428,1.2678571428571428,1.4535714285714287,0.32142857142857145,0.21428571428571427,0.4642857142857143,56,-0.25,-0.18571428571428594
Rodez,0.6,1.9,0.8,1.61,0.1,0.2,0.7,10,-1.2999999999999998,-0.81
Royals,0.9032258064516129,1.7096774193548387,1.1548387096774193,1.9548387096774194,0.1935483870967742,0.1935483870967742,0.6129032258064516,31,-0.8064516129032259,-0.8
SV Meppen,0.8888888888888888,1.0,0.8,1.4333333333333333,0.4444444444444444,0.0,0.5555555555555556,9,-0.11111111111111116,-0.6333333333333333
San Diego Wave,1.4375,1.40625,1.44375,1.278125,0.40625,0.21875,0.375,32,0.03125,0.16562500000000013
Sassuolo,1.1818181818181819,1.5454545454545454,0.9090909090909091,1.9,0.18181818181818182,0.36363636363636365,0.45454545454545453,11,-0.36363636363636354,-0.9909090909090909
Seattle Reign FC,1.3157894736842106,1.087719298245614,1.4789473684210526,1.2333333333333334,0.47368421052631576,0.21052631578947367,0.3157894736842105,57,0.22807017543859653,0.24561403508771917
Sevilla,1.7272727272727273,1.8181818181818181,1.4636363636363638,1.1636363636363638,0.2727272727272727,0.2727272727272727,0.45454545454545453,11,-0.09090909090909083,0.30000000000000004
Sky Blue FC,0.8333333333333334,1.4166666666666667,1.1791666666666667,1.9541666666666666,0.20833333333333334,0.20833333333333334,0.5833333333333334,24,-0.5833333333333334,-0.7749999999999999
Soyaux,0.9,2.0,0.71,2.09,0.1,0.2,0.7,10,-1.1,-1.38
Spirit,1.3818181818181818,1.1636363636363636,1.3563636363636362,1.3800000000000001,0.4727272727272727,0.2545454545454545,0.2727272727272727,55,0.21818181818181825,-0.0236363636363639
Sporting Huelva,0.8181818181818182,1.8181818181818181,0.7545454545454546,1.8636363636363635,0.2727272727272727,0.2727272727272727,0.45454545454545453,11,-0.9999999999999999,-1.109090909090909
Stade de Reims,1.5,1.5,0.89,1.41,0.4,0.2,0.4,10,0.0,-0.5199999999999999
Thorns,1.2678571428571428,1.4107142857142858,1.5160714285714287,1.3607142857142858,0.32142857142857145,0.23214285714285715,0.44642857142857145,56,-0.14285714285714302,0.15535714285714297
Tottenham,1.5714285714285714,1.7142857142857142,0.8714285714285713,0.9714285714285714,0.42857142857142855,0.0,0.5714285714285714,7,-0.1428571428571428,-0.10000000000000009
Turbine Potsdam,0.5555555555555556,2.7777777777777777,0.6111111111111112,2.2555555555555555,0.0,0.1111111111111111,0.8888888888888888,9,-2.2222222222222223,-1.6444444444444444
UC Sampdoria,0.6363636363636364,1.5454545454545454,1.2454545454545454,1.6181818181818182,0.2727272727272727,0.09090909090909091,0.6363636363636364,11,-0.9090909090909091,-0.3727272727272728
UDG Tenerife,0.9,1.2,0.95,1.04,0.3,0.3,0.4,10,-0.29999999999999993,-0.09000000000000008
Utah Royals,0.9375,1.28125,1.225,1.496875,0.375,0.125,0.5,32,-0.34375,-0.27187499999999987
Valencia,1.1818181818181819,0.9090909090909091,1.2909090909090908,1.1090909090909091,0.36363636363636365,0.2727272727272727,0.36363636363636365,11,0.2727272727272728,0.18181818181818166
Villarreal,0.9090909090909091,2.5454545454545454,0.9090909090909091,1.5454545454545454,0.2727272727272727,0.09090909090909091,0.6363636363636364,11,-1.6363636363636362,-0.6363636363636364
Washington Spirit,1.5714285714285714,1.0714285714285714,1.7017857142857142,1.3267857142857142,0.5357142857142857,0.21428571428571427,0.25,56,0.5,0.375
Wave,1.1333333333333333,0.9666666666666667,1.09,1.2833333333333334,0.36666666666666664,0.23333333333333334,0.4,30,0.16666666666666663,-0.19333333333333336
Werder Bremen,0.5555555555555556,1.7777777777777777,0.8444444444444444,1.411111111111111,0.0,0.3333333333333333,0.6666666666666666,9,-1.222222222222222,-0.5666666666666665
West Ham,1.4444444444444444,2.0,0.788888888888889,1.8555555555555554,0.4444444444444444,0.0,0.5555555555555556,9,-0.5555555555555556,-1.0666666666666664
Wolfsburg,3.5555555555555554,0.5555555555555556,2.588888888888889,0.6444444444444444,1.0,0.0,0.0,9,3.0,1.9444444444444446
